Model,MSE,RMSE,R2
Linear Regression,6210673.002978222,2492.1221886131952,0.5091179307237784
Random Forest,7319565.354080467,2705.4695256240584,0.4214727799240797
XGBoost,7076684.632431907,2660.203870464049,0.4406696996738355
Tuned Random Forest,5890324.193481876,2426.9990097818077,0.5096188777701789
Tuned Random Forest,5890324.193481876,2426.9990097818077,0.5096188777701789
